peptides,2PQK,3KJ2,5UUM,6UA3,6VBX,score
LEREIAAHLRRFADDFQAYYR,-363.04,-342.95,-337.97,-314.27,-346.44,-340.934
TSRKIARHLRRFADDFQQYYK,-360.27,-355.42,-323.73,-312.12,-340.76,-338.46
WIRNIAAHLRRIGDEFNQQYR,-345.28,-353.2,-339.23,-295.04,-332.34,-333.018
LIREIAQHLRRIGDEFNQQYA,-346.47,-341.68,-331.85,-304.27,-336.3,-332.114
WEIEIARGLRRFADDFQAYYE,-354.05,-334.03,-335.48,-293.16,-340.48,-331.44
STQKIARHLRRIGDEFQAYYE,-355.44,-347.82,-324.25,-296.24,-322.97,-329.344
LEREIAQHLRRVGDKFQRYYR,-352.32,-329.68,-322.12,-304.72,-330.89,-327.946
LTKEIARHLRRIGDEFNRQYR,-347.33,-343.84,-320.91,-296.74,-329.83,-327.73
LEREIARHLRRIGDEFQSYYE,-351.69,-327.49,-316.94,-303.75,-327.71,-325.516
LIREISECLRRIGDEFNQQYA,-337.4,-334.39,-324.45,-292.07,-332.5,-324.162
MAREIAQHLRRVGDKFQAYME,-351.22,-329.67,-318.3,-294.86,-322.32,-323.274
TAREIARHLRRFADDLNRYYR,-331.29,-328.48,-319.5,-302.88,-333.07,-323.044
WIREISECLRRIADDFQQYYA,-343.68,-324.54,-319.82,-291.98,-334.52,-322.908
WVREIARHLRRIGDEFQAQYA,-348.39,-324.35,-323.26,-294.09,-322.92,-322.602
MVREIAQCLRRVGDSFQAYYE,-347.66,-326.42,-316.39,-295.31,-325.85,-322.326
LEREIAEHLRRIGDEFQAYYR,-347.59,-322.07,-314.36,-301.84,-324.52,-322.076
LEQEISECLRRFADDFQAQYA,-342.08,-326.02,-322.49,-286.55,-332.48,-321.924
SVREIAAHLRRIGDEFQQYMR,-346.4,-324.95,-323.37,-292.79,-318.75,-321.252
TEREIAAHLRRIADDFQSYYE,-335.65,-324.08,-320.55,-296.13,-329.04,-321.09
TAREISECLRRFADDVNAYYR,-323.81,-325,-321.94,-296.9,-337.62,-321.054
PEREIAECLKDFADEFNQQYR,-326.21,-327.33,-325.53,-296.25,-328.93,-320.85
MVREIAAHLRRFADDFDQRYK,-343.06,-322.39,-316.61,-287.72,-329.36,-319.828
LAREILACLRRFGDKFQRRYR,-350.61,-323.96,-310.84,-304.46,-309.17,-319.808
LERNIARHLRRIGDEFQQQYR,-335.18,-331.11,-321.26,-291.28,-317.92,-319.35
IEREIAQHLRRIGDEFNQQYA,-333.91,-328.35,-311.35,-302.19,-320.73,-319.306
LAREISECLRRFGDEVNRQYA,-325.48,-323.78,-316.96,-297.11,-331.52,-318.97
WVREILECLRRFADDFQSYMA,-343.27,-320.71,-317.45,-305.74,-307.58,-318.95
MVREIAECLRRIGDEFNRQYR,-331.22,-328.38,-317.87,-289.92,-326.23,-318.724
LEIWIAQHLRRIGDEFQARYR,-342.04,-335.23,-329.99,-266.77,-318.65,-318.536
TVRKIARHLRRMADDFQAYYE,-333.66,-332.5,-317.07,-290.92,-316.98,-318.226
TTQEISEHLRRIGDEFQAYMR,-348.8,-323.44,-312.23,-288.33,-315.95,-317.75
PIQEIARCLRRIGDEFQRYME,-342.41,-329.4,-307.51,-289.39,-318.13,-317.368
MVREIARHLRRFADDLQRYYA,-333.96,-316.11,-315.01,-294.13,-326.77,-317.196
SIREIATGLRRVGDKFQQQYR,-341.29,-324.06,-316.41,-280.54,-323.07,-317.074
TTREIARHLRRIGDEFQAQYR,-345.43,-319.96,-305.86,-294.9,-319.11,-317.052
IIREIGEHLRRVGDDFQQYME,-340.31,-323.34,-304.75,-290.47,-325.72,-316.918
MEREIAAGLRRVGDKFQQYYE,-341.84,-320.83,-308.45,-288.41,-322.7,-316.446
LIRNIAEHLRRFADDFYRYYR,-331.55,-323.74,-327.89,-287.49,-311.32,-316.398
LIREILECLRRIGDEFNQQYK,-324.25,-328.07,-314.69,-305.93,-306.43,-315.874
TVREIAQHLRRVGDEFQRYIR,-343.45,-318.54,-319.41,-282.57,-315.08,-315.81
MERNIARHLRRFGDKLQQQYE,-332.38,-328.07,-313.86,-285.25,-316.89,-315.29
IIRNVARHLRRIGDEFQRYIE,-343.34,-327.98,-298.53,-281.5,-324.42,-315.154
SAREIARHLRRFADDFQAQIA,-340.42,-321.82,-309.12,-282.54,-321.84,-315.148
MIREIGTLLRRFADDFQAQYE,-331.5,-324.88,-315.7,-288.08,-315.56,-315.144
LVREIAECLRRFADDLNAYYR,-319.19,-317.98,-314.75,-293.34,-329.45,-314.942
SSREIAQLLRRFADDFQRRYA,-336.96,-327.82,-313.54,-277.51,-318.63,-314.892
LEREISECLRRIGDEFQRYYA,-336.59,-315.22,-307.26,-291.41,-322.52,-314.6
WAIKIATHLRRVADDFQRRVR,-334.29,-335.97,-322.85,-270.92,-308.94,-314.594
LAREIARCLRRIGDEFQAYYE,-340.91,-319.16,-303.2,-288.9,-319.94,-314.422
LIKKILEHLRRIGDEFQRQYK,-326.95,-325.7,-317.82,-300.61,-299.44,-314.104
LAVEIARHLRRIGDEFQRQYA,-340.32,-317.3,-305.16,-287.81,-317.94,-313.706
WAREILEHLRRFADDFDRYYR,-337.43,-324.32,-299.38,-305.04,-302.28,-313.69
LTREILETLRRFADDMNAYYR,-320.44,-324.76,-313.29,-306.85,-302.53,-313.574
LAREIAACLRRIGDEFQQYYR,-338,-317.35,-301.66,-289.14,-319.16,-313.062
WAQEIAAELRRIGDELNRRYA,-327.52,-325.35,-306.74,-285.96,-319.24,-312.962
SAREIAECLRRIGDEFNRQYR,-327.52,-325.35,-306.74,-285.96,-319.24,-312.962
LEREIAECLRRIGDEFNQQYA,-325.5,-321.88,-312.18,-286.04,-318.95,-312.91
TEREIATHLRRFADDFDQQYR,-331.79,-318.93,-309.85,-281.78,-321.4,-312.75
TEIEIAECLRRIGDEFNQRYK,-326.56,-323.6,-315.42,-273.88,-324.24,-312.74
TAREISECLRRIGDEFNQQYR,-326.92,-324.96,-307.36,-282.58,-321.85,-312.734
IIQELAAHLRRIGDEFQAYYE,-352.21,-330.39,-293.82,-278.13,-308.79,-312.668
WSREIARHLRRIGDEMNQQYR,-315.44,-321.21,-309.88,-289.61,-326.93,-312.614
IEREIAECLRRIGDEFQQYYR,-338.22,-316.98,-295.45,-291.66,-320.43,-312.548
LEREIARHLRRIGDDFQAQYR,-327.79,-315.44,-311.41,-286,-321.71,-312.47
LEREIAQHLRRIGDEFQQQYR,-334.1,-312.52,-306.24,-292.15,-317.11,-312.424
LVREIAQHLRRIGDEFQAYIA,-339.45,-315.84,-316.42,-280.06,-309.82,-312.318
LEREIAEHLRRIGDEFQAQYR,-332.76,-312.21,-305.77,-294.29,-315.92,-312.19
WERNIARHLRRFADDVQAQYK,-319.67,-316.89,-329.65,-277.94,-316.49,-312.128
MVREIAATLRRIGDEFNRQYR,-324.24,-325.63,-314.72,-281.86,-314.04,-312.098
MAREISEHLRRFGDELQRYYA,-330.37,-313.16,-303.71,-294.53,-318.53,-312.06
SSREIAEHLRRIGDEFQAYMK,-342.84,-317.9,-291.43,-288.44,-318.3,-311.782
SEREIAECLRRVGDSFQAYMR,-338.46,-315.12,-306.27,-283.91,-314.96,-311.744
LEREIAQGLRRVGDEFQRYYK,-335.87,-313.79,-306.82,-284.53,-317.63,-311.728
PAREIARHLRRIGDEFQRRYE,-342.81,-312.63,-304.68,-280.23,-317.05,-311.48
WSREIARHLRRIGDEVNQQYR,-314.45,-318.38,-310.24,-289.57,-324.59,-311.446
TVQNCLRHLRRIGDEFNQQYR,-325.35,-320.03,-307.11,-309.57,-294.92,-311.396
LVREIAQHLRRIGDEFQAYIK,-338.54,-315.18,-314.12,-279.37,-309.55,-311.352
SEQEIAECLRRIGDEFQAYYE,-335.79,-312.17,-304.58,-287.8,-315.96,-311.26
MTQEIAEHLRRVADDFQAYVR,-338.15,-317.74,-314.46,-274.4,-310.08,-310.966
MTREIAEHLRRIGDEFQAQMA,-338.16,-318.45,-308.98,-279.44,-309.65,-310.936
ISQEIAQCLRRFADDLNAQYR,-316.22,-321.94,-313.09,-277.83,-325.08,-310.832
WTKECARHLRRIGDEFQAQYA,-339.21,-310,-292.69,-299.44,-312.34,-310.736
MAREIAQGLRRIGDEFQAYYR,-338.61,-313.82,-302.24,-282.16,-316.1,-310.586
LERNVARHLRRIGDEFQRYVA,-333.65,-320.32,-305.44,-276.47,-316.3,-310.436
TEQEIARGLRRVADDFQAYYE,-328.42,-315.14,-312.67,-274.19,-321.59,-310.402
MEREIATHLRRFGDKLQAQYE,-332.61,-308.99,-302.03,-291.36,-316.24,-310.246
LEREIAECLRRFGDDVQRYYK,-322.97,-306.48,-310.02,-288.2,-322.52,-310.038
LVKWIAACLRRIGDEFQSRYK,-334.46,-326.18,-321.26,-257.78,-310.35,-310.006
MTREIATHLRRIGDEFQQSMR,-337.96,-316.64,-307.28,-279.96,-306.4,-309.648
TSREISEHLRRIGDEFQRRYE,-339.38,-316.51,-293.06,-275.52,-323.59,-309.612
WAVECAQHLRRIGDEFQSYME,-336.74,-307.56,-301,-295.88,-306.15,-309.466
SAREIAQHLRRIGDEFQAQYK,-333.01,-311.64,-300.5,-287.8,-314.08,-309.406
MTREIARTLRRVGDKFQSYME,-340.17,-317.81,-305.28,-277.14,-305.14,-309.108
WVREIAECLRRFADDLNQQYR,-315.33,-313.97,-307.13,-284.89,-324.19,-309.102
LAQEIAEGLRRIGDEFQRYYR,-336.77,-312.99,-299.8,-280.43,-315.34,-309.066
STRKIARGLRRIGDEFQAQYE,-331.04,-329.31,-306.05,-273.04,-305.47,-308.982
SSRNIARGLRRFADSVQRYME,-319.9,-318.14,-296.86,-298.79,-311.01,-308.94
LVREIATTLRRIGDEFNQQYA,-322.81,-323.6,-308.53,-278.43,-311.11,-308.896
WTREISRHLRRMADDFQQRME,-333.14,-320.72,-314.86,-261.95,-313.7,-308.874
LEKEIARHLRRFADDVQRSYR,-326.1,-307.07,-308.82,-281.47,-320.52,-308.796
LIREIAATLRRFADDVQAYYE,-322.9,-309.06,-310.68,-282.53,-318.44,-308.722
TVREIGECLRRVGDKFQRQYE,-327.11,-311.41,-304.93,-283.7,-316.35,-308.7
LVREIAECLRRFADDLNAQYR,-312.87,-310.81,-309.4,-286.17,-322.75,-308.4
MTKWIARHLQDFADKLNQQYR,-307.09,-322.6,-325.43,-283.12,-302.72,-308.192
IEKEIAEGLRRVADDFQAYYA,-327.32,-317.98,-297.92,-277.99,-319.04,-308.05
TIREIAETLRRIGDEFNQQYR,-321.19,-320.9,-306.35,-282.9,-308.32,-307.932
LTREIAECLRRIGDEFQQQYR,-334.36,-311.95,-301.37,-280.36,-311.44,-307.896
LERNVARHLRRFGDSLQAYVR,-312.05,-306.17,-295.57,-321.4,-303.6,-307.758
WEREIARGLRRFGDKLQQYYA,-324.42,-303.59,-310.35,-285.56,-313.37,-307.458
IAREIAQHLRRFGDELQAYMR,-319.22,-304.88,-291.69,-318.96,-302.52,-307.454
LEREIGECLRRFADDFQRYVA,-326.86,-309.2,-305.22,-277.56,-317.98,-307.364
TVREILECLRRIGDEFQRYYA,-330.35,-307.34,-296.25,-306.79,-295.08,-307.162
WAKEIAEHLRRFADDMQQYHR,-331.22,-309.6,-301.89,-276.24,-316.74,-307.138
WTREILECLRRIGDEFQAYYK,-336.14,-311.26,-291.74,-302.88,-292.68,-306.94
PTREIARGLRRIGDEFQAQYE,-329.68,-312.42,-300.74,-280.93,-310.55,-306.864
WAREIAECLRRFADDLNAQYR,-313.55,-313.05,-304.82,-282.08,-320.6,-306.82
WIQEILATLRRIGDEFNQQYR,-318.38,-324.59,-303.63,-296.34,-291.1,-306.808
WIREIATHLRRVADDFYQQYE,-337.77,-311.4,-301.48,-278.88,-304.17,-306.74
MAREIGRHLRDVADDFQAQYR,-322.09,-309.47,-307.1,-278.35,-316.59,-306.72
TVRNIAQHLRRIGDEVQRYYE,-316.34,-313.77,-313.53,-281.32,-308.59,-306.71
MVREIARHLRRIGDEVQRYYK,-316.98,-302.78,-311.79,-288.42,-313.43,-306.68
TVRNIAETLRRIGDEFQQYYR,-324.04,-317.19,-310.18,-277,-304.95,-306.672
LEQECARHLRRFADDFQAQVR,-324.66,-306.08,-300.71,-287.12,-314.49,-306.612
SVREIAECLRRFADDVQAYYA,-320.98,-302.7,-301.94,-285.64,-321.54,-306.56
PEREIAQHLRRIGDEFQRYQK,-332.78,-308.95,-302.84,-278.93,-309.01,-306.502
LEQWASECLRRFGDELNQYYA,-312.49,-321.87,-307.01,-287.54,-302.7,-306.322
LEREIARGLRRFGDKLQQYYA,-324.93,-304.19,-302.33,-285.12,-314.35,-306.184
WSREIAEHLRRAADDFQSYIA,-328.61,-307.08,-287.97,-297.38,-309.14,-306.036
SAREIARHLRRIADDFQQSME,-322.12,-312.27,-307.71,-274.64,-311.76,-305.7
LEQEVGQGLRRVGDKFQQYYK,-328.94,-306.03,-296.02,-278.61,-318.56,-305.632
TEREILATLRRFADDFQSQYE,-325.81,-310.79,-305.6,-293.67,-291.46,-305.466
LEREIAATLRRIGDEFNQQYA,-318.48,-318.32,-306.55,-276.33,-307.52,-305.44
LEREIARHLRRIGDEFQRYVA,-331.14,-311.71,-297.94,-278.58,-307.06,-305.286
LERNIARHLRRFADDVQAQMR,-314.4,-311.58,-316.06,-271.55,-311.55,-305.028
WVQEIAECLRRIGDSFQQRME,-339.26,-311.5,-314.23,-252.01,-308.01,-305.002
LTREIAQHLRRIGDELNRYYR,-308.64,-312.9,-301.75,-286.44,-314.88,-304.922
WIREIATGLRRMADDFQARYE,-325.43,-313.65,-312.01,-258.4,-315.12,-304.922
LTRWIARHLRRIGDKLQAYYA,-310.43,-323.24,-316.81,-272.81,-301.2,-304.898
WARNLAQELRRFADDFNRQYR,-319.02,-322.44,-307.39,-280.7,-294.82,-304.874
MTKEIAQHLRRIGDEMNQQYA,-313.69,-315.17,-298.98,-281.56,-314.41,-304.762
LEQEIAAGLRRIGDEFQQYMR,-329.31,-310.63,-299.23,-276.81,-307.53,-304.702
WSQKILEHLRRFADDVQQQYR,-305.45,-315.61,-310.41,-293.3,-298.72,-304.698
IAQEIARGLRRIGDEFQQQYR,-330.68,-311.23,-294.65,-274.86,-311.93,-304.67
LEIEIAECLRRFADKLQQYYE,-320.29,-300.95,-302.37,-284.07,-314.73,-304.482
WAREIAECLRRIGDEFQRQYR,-327.85,-308.41,-297,-279.2,-309.7,-304.432
PIREIAAGLRRIADDFQRYVE,-325.17,-317.88,-302.64,-269.19,-307.19,-304.414
IIREIAQHLRRVADDVQRYYR,-310.61,-306.92,-294.93,-285.33,-323.04,-304.166
LIREIGRGLRRVGDDFQRYIK,-324.4,-310.92,-306.79,-264.86,-313.74,-304.142
LAREIATHLRRVGDKFQQQIA,-331.72,-312.37,-299.47,-271.01,-305.1,-303.934
LEQKLARHLRRIGDEFQQQYA,-329.27,-319.56,-300.48,-279.89,-290.12,-303.864
LEREISECLRRIGDEFQQQYE,-322.52,-303.54,-298.93,-283.03,-311.16,-303.836
IVREIAEHLRRFGDKLDQQYR,-315.53,-310.98,-293.88,-286.68,-311.87,-303.788
WEREIAECLRRFADDLNAQYR,-307.23,-304.08,-310.44,-278.5,-318.62,-303.774
LTREIAQHLRRVGDKLNQRYR,-308.73,-311.3,-305.39,-280.23,-312.5,-303.63
SAREISECLRRVADDFQQQYE,-318.79,-308.72,-299.25,-273.48,-316.66,-303.38
WTREIAEHLRRIGDELNAYYR,-307.68,-311.43,-298.21,-285.2,-313.76,-303.256
WIVEIAAHLRRFADDLQSYVE,-323.78,-307.06,-303,-274.78,-307.64,-303.252
MIQEISECLRRIGDEFQQYVE,-331.37,-310.02,-303.76,-264.5,-305.67,-303.064
WTREIAQHLRRFADDMNQQQK,-320.1,-308.29,-297.01,-281.38,-308.47,-303.05
WSQWIARGLRRIGDEMNQQYR,-297.26,-321.47,-308.39,-273.55,-314.42,-303.018
LIREIAECLRRIGDEMNQQYR,-302.36,-305.68,-308.37,-280.33,-318.12,-302.972
WIREILEHLRRIGDEVNRQYA,-297.71,-309.12,-303.53,-304.93,-299.53,-302.964
SIREIGACLRRIGDEFQQQME,-325.54,-308.15,-301.74,-270.4,-308.91,-302.948
PAREIGRTLRRIGDEFNQQYR,-314.75,-317.79,-299.53,-275.32,-307.23,-302.924
WTREILETLRRIGDEFNQQYK,-316.85,-324.94,-299.54,-290.14,-282.91,-302.876
WVQKLSECLRRVGDEFNQQYR,-317.63,-323.77,-300.38,-275.19,-297.4,-302.874
TIQEVLEHLRRIGDEFQRQYA,-322.94,-299.72,-295.19,-307.37,-288.85,-302.814
SIINIARHLRRIGDELQSYYK,-305.77,-316.23,-315.58,-269.78,-306.5,-302.772
WTREIAQELRRFGDDFQRQYK,-323.14,-317.19,-298.87,-277.48,-296.23,-302.582
MVQEVAECLRRIGDEFQRRYK,-333.56,-300.78,-299.43,-262.3,-316.18,-302.45
SSQEILRTLRRIGDEFQRYYE,-322.97,-309.61,-295.02,-294.32,-289.99,-302.382
PVREIAECLRRIGDEFQQQMR,-318.9,-304.61,-308.02,-274.08,-306.25,-302.372
IAREILEHLRRIGDEMNRQYR,-304.05,-309.8,-302.68,-297.67,-297.5,-302.34
WVREIAECLRRFADDVDRYYK,-313.91,-302.1,-290.39,-292.25,-312.86,-302.302
LAREISECLRRIGDEFQAQYA,-325.32,-306.24,-293.59,-274.86,-311.16,-302.234
PVREILEHLRRFADDMQQYYA,-315.82,-292.68,-294.39,-308.29,-299.6,-302.156
LIRNIAECLRRIGDEFDQRYA,-317.3,-315.55,-315.98,-256.46,-304.73,-302.004
PVQEILEHLRRIGDEFQAQYK,-319.56,-298.27,-296.19,-306.58,-289.33,-301.986
WIREIAECLRRIGDEMQQYYE,-317.28,-302.17,-299.02,-276.62,-314.76,-301.97
MVREIARHLRRFADDMNAQQR,-317.14,-302.23,-298.84,-278.24,-313.25,-301.94
WIREIAECLRRIGDEVNQQYR,-302.57,-306.9,-302.59,-281.26,-315.47,-301.758
STREIAAHLRRIGDEMQRYYA,-319.55,-303.55,-290.18,-284.46,-310.85,-301.718
TIRNVAEHLRRFADDLQAQYK,-305.7,-306.59,-307.64,-278.36,-309.38,-301.534
LEREIARHLRRIADDFQAQIR,-315.29,-305.66,-303.22,-271.46,-311.53,-301.432
TAREILECLRRIGDEFQQYYK,-324.59,-305.22,-287.92,-301.57,-287.85,-301.43
SEREISTLLRRIGDEFNQQYR,-309.13,-319.96,-301.2,-279.05,-297.7,-301.408
LTREILAHLRRIGDEFQAYIE,-336.16,-304.26,-288.62,-293.87,-283.58,-301.298
WIKWIAECLRRIGDEMQRYQR,-301.7,-308.55,-306.11,-294.05,-296.08,-301.298
LEREIARHLRRIGDEVQAYYE,-311.32,-298.33,-301.83,-286.27,-308.71,-301.292
LTREILAHLRRVGDKLNQYYR,-299.4,-309.3,-302.95,-300.75,-293.72,-301.224
MAREIAAGLRRIGDEFQAQYA,-325.93,-304.63,-294.73,-273.1,-307.6,-301.198
LEREISECLRRFADDLQAYYE,-313.01,-297.22,-301.73,-278.58,-315.35,-301.178
WEREIGECLRQVGDKFQAQYR,-317.06,-301.08,-301.51,-278.62,-307.5,-301.154
SIREIAAGLRRFADDLQAQYE,-314.42,-302.24,-306.6,-268.79,-313.52,-301.114
MAKEVLEHLRRIGDEFQRQYR,-327.34,-299.86,-292.39,-296.39,-288.95,-300.986
LERNIAQHLRRIGDEFQQQQE,-316.35,-313.05,-306.35,-267.72,-301.34,-300.962
SEIWIAQHLRRIADDVQRYYE,-299.72,-303.57,-314.54,-278.94,-307.69,-300.892
LEREIAECLRRIGDDFQAQYR,-314.63,-302.42,-299.81,-275.43,-311.76,-300.81
IVREIAECLRRFADKLQQQYE,-312.19,-303.55,-293.98,-280.53,-313.71,-300.792
PIREILAHLRRIADDFQSYVK,-321.8,-303.68,-295.95,-297.62,-284.91,-300.792
LTREIAATLRRIGDEFQRQYE,-325.76,-307.85,-295.69,-272.07,-302.5,-300.774
IEIKLARHLRRIGDEFQQRYA,-337.7,-320.6,-295.81,-256.2,-292.24,-300.51
LEKWIARHLRRIGDEMQRRYA,-313.99,-315.64,-310.01,-260,-302.82,-300.492
LERNIAQCLRRIGDEFQRRMA,-319.95,-316.15,-315.28,-242.42,-308.44,-300.448
LEIECLELLRRIADEFNQRYK,-314.62,-315.79,-307.77,-283.84,-280.18,-300.44
LAREIATHLRRIGDEVNQQYR,-302.74,-304.35,-299.25,-286.27,-309.4,-300.402
WIVEIAAHLRRIGDELNRQYA,-297.92,-311.57,-302.23,-277.87,-312.11,-300.34
LIREIAEGLRRIGDEVNRQYR,-299.5,-300.89,-307.89,-278.97,-314.13,-300.276
WEQWIAECLRRIGDEMNRRYR,-297.86,-312.71,-319.53,-265.96,-304.35,-300.082
SVREIAAELRRFGDDFQAQYR,-318.5,-309.04,-298.04,-279.23,-295.38,-300.038
WAQNVLETLRRFGDDFQQQYE,-322.87,-316.18,-296.87,-277.8,-286.13,-299.97
SAREIARHLRRFGDELQQYME,-320.96,-301.91,-291.39,-283.29,-302.22,-299.954
LTREILECLRRIGDEFQRQYK,-322.87,-304.98,-292.19,-292.69,-286.97,-299.94
IAREILQHLRRIGDEFQARMA,-335.12,-310.36,-289.8,-273.98,-290.34,-299.92
LVREIGRTLRRVGDDFQRQYA,-314.09,-306.62,-301.09,-269.54,-307.74,-299.816
TEREISECLRRFADDLQQYYR,-310.75,-295.11,-300.33,-279.01,-313.64,-299.768
MTRWIAECLRRVGDELDAYIR,-308.01,-323.7,-309.19,-276.41,-281.45,-299.752
SVREIAAHLRRIGDELNAYYR,-299.65,-303.3,-297,-285.57,-313.1,-299.724
LEREIAAHLRRIGDEVQQYYA,-309.36,-295.67,-300.64,-286.21,-306.55,-299.686
IIREIGQQLRRFGDEFNQRYA,-311.44,-309.86,-302.11,-279.56,-295.07,-299.608
MAREIAEHLRRIGDEVQSYYE,-310.1,-294.65,-302.98,-284.33,-305.61,-299.534
LIIWIAECLRRIGDEFYRYVA,-311.67,-296.43,-306.41,-299.7,-283.23,-299.488
LEREIGAHLRRFGDEVQRYQK,-314.9,-292.61,-290.24,-297.05,-302.5,-299.46
LEQKCLECLRRIGDEFNQQYK,-308.26,-310.15,-300.12,-293.22,-285.42,-299.434
LAQEIAACLRRMADDFQAYMA,-318.18,-305.34,-303.71,-268.43,-301.09,-299.35
WIRNVLQLLRRFADDLYSYYR,-310.89,-298.27,-280.76,-319.45,-287.24,-299.322
LIREIAAHLRRIGDEVQQQYE,-307.46,-298.43,-297.96,-284.87,-307.65,-299.274
TSRNIARLLRRIGDEFNQQYK,-308.64,-319.79,-294.3,-283.16,-289.68,-299.114
MTVWIAQLLRRMGDSLQAYYE,-320.56,-318.31,-283.21,-296.91,-276.4,-299.078
WVREIARHLRRVADKFYAQMR,-333.19,-301.34,-312.08,-266.09,-282.6,-299.06
WAREIARGLRRAADDFQAYYE,-321.01,-301.95,-300.64,-264.98,-306.44,-299.004
STREIGQGLRRVADDFQAQYR,-314.16,-304.62,-299.7,-266.29,-310.17,-298.988
WSKKLAQGLRRIGDEFQSRYR,-332.48,-317.79,-295.19,-260.33,-288.64,-298.886
LEREIGRHLRRIGDEMNQQYR,-300.98,-300.44,-298.74,-283.15,-311.1,-298.882
LEIWLSQHLRRVGDEVQQYYA,-301.81,-305.5,-298.88,-309.6,-278.46,-298.85
LIQEIAECLRRFADKLNSYIR,-301.86,-300.94,-303.24,-276.9,-311.1,-298.808
WVREIARHLRRIGDEVQRQYR,-308.71,-295.09,-303.07,-281.9,-304.79,-298.712
WVREIGECLRRFGDKMQAYIE,-322.62,-296.2,-298.73,-270.62,-305.37,-298.708
MEREIAEHLRRVADKLNAYYA,-296.12,-299.55,-304.13,-279.77,-313.83,-298.68
IAREIAAHLRRFADDFYQRYR,-322.25,-299.94,-298.52,-284.85,-287.79,-298.67
MSREIARHLRRIADDMQQYYK,-309.86,-300.55,-291.95,-273.36,-317.56,-298.656
LEVEIAECLRRAADDFQRYYR,-316.6,-299.11,-297.2,-272.69,-307.35,-298.59
LEREILEHLRRIGDEVNRRYA,-297.08,-304.37,-303.94,-290.41,-296.89,-298.538
MAREIAAGLRRFADDFQQSVR,-324.35,-305.17,-300.68,-256.94,-305.46,-298.52
LTKWIAQHLRRVGDDMQAQYK,-306.7,-320.22,-313.28,-251.35,-301.04,-298.518
LERNIARTLRRIGDSFQQQYA,-312.2,-312.32,-302.7,-269.4,-295.96,-298.516
LIREIGECLRRIGDEFQQYVK,-325.37,-304.62,-292.71,-267.49,-302.33,-298.504
PEREIARGLRRIGDEFQQYIE,-324.76,-304.4,-291.84,-268.45,-303.01,-298.492
LEREIAECLRRFGDKLQQQYK,-314.35,-294.35,-297.33,-278,-308.01,-298.408
LEIEIAQLLQRIGDELDAQMR,-297.47,-301.85,-298.87,-300.09,-293.69,-298.394
PAREILRCLRRFADKLNRQYR,-297.47,-301.85,-298.87,-300.09,-293.69,-298.394
MTREIAECLRRVGDKLNQYYK,-297.27,-306.16,-300.37,-277.77,-309.57,-298.228
SSREIAALLRRIGDEFQAYYR,-313.45,-308.71,-289.9,-282.99,-296,-298.21
LERKIAAHLRRVGDKLQQYYA,-301.67,-310.54,-303.14,-277.2,-298.46,-298.202
LIRNIARELRRFGDKLNQYYR,-294.21,-310.06,-308.01,-286.66,-291.78,-298.144
TEREILETLRRIGDKFQRYYA,-315.23,-301.32,-296.34,-295.79,-282.01,-298.138
LEREIAQHLRRFADKLQRYIR,-313.74,-295.22,-297.43,-280.27,-303.79,-298.09
LEREIAEHLRRIGDELNAYYR,-297.31,-299.12,-300.8,-283.23,-309.46,-297.984
LVREIAQTLRRIADDVNRYYR,-289.13,-303.72,-304.5,-283.09,-308.75,-297.838
LEQEIARCLRRVADDMNAYYR,-294.11,-302.12,-304.4,-267.27,-321.13,-297.806
LARNIAAHLRRVADDFDQRMA,-313.32,-316.4,-308.31,-253.87,-297.13,-297.806
TAKECSTHLRRIGDEFQQQHR,-319,-296.4,-288.9,-281.93,-302.61,-297.768
MEREIAECLRRIGDEFQAQME,-318.88,-299.57,-290.52,-274.92,-304.36,-297.65
MAREIAEHLRRIGDELNAYYR,-298.47,-300.75,-297.29,-282.26,-309.15,-297.584
MVVEIARHLRRVGDDVQRYMA,-303.32,-298.57,-307.98,-270.77,-307.17,-297.562
LERNIARCLRRIGDEMQAYYR,-305.26,-306.08,-302.25,-268.01,-305.96,-297.512
ITQWIAAHLRRIGDEVQRYMA,-308.16,-310.75,-288.15,-290.15,-290.14,-297.47
IAREILQTLRRIADDVNAYYR,-286.42,-306.55,-306.17,-299.75,-288.43,-297.464
WVREILEGLRRVADDFQAQYE,-313.07,-300.7,-292.57,-283.86,-296.79,-297.398
WIVKIATGLRRMADKLQRRMA,-283.23,-300.05,-304.21,-316.66,-282.82,-297.394
WIRECSACLRRIGDEMNQQYR,-297.96,-296.44,-295.48,-288.03,-309.02,-297.386
MARWISECLRRFADDLDRYVK,-309.48,-303.49,-297.43,-302.69,-273.44,-297.306
IIREIGECLRRIGDKLNQYYK,-300.82,-304.2,-292.43,-277.34,-311.47,-297.252
LEREISEHLRRIGDEMQQYYA,-311.56,-290.15,-292.36,-283.29,-308.85,-297.242
PVREIAAGLRRFADDVQRQYR,-310.25,-292.99,-297.42,-271.93,-313.53,-297.224
TARWIAECLRRVGDEVQRYYA,-299.58,-301.07,-298.67,-291.39,-295.31,-297.204
LAREIARLLRRIGDEFQAYYE,-312.31,-308.31,-288.06,-283.84,-293.42,-297.188
WTREIARHLRRVGDKLQRYMA,-313.26,-301.23,-298.05,-273.38,-299.11,-297.006
PIREIAAHLRRIGDKLQQYYA,-298.85,-301.57,-296.01,-287.05,-301.35,-296.966
WTQNIAQCLRRFADKLDQRYA,-309.28,-315.19,-306.27,-255.37,-298.6,-296.942
LIRNIAQLLRRFADDVQSYMA,-291.68,-297.26,-303.95,-301.34,-290.21,-296.888
LEVWIARCLRRIGDEMNQQYR,-294.32,-310.02,-307.66,-270.58,-301.67,-296.85
SAQEIAAHLRRIGDEVQQYYA,-308.84,-294.15,-294.96,-283.13,-303.06,-296.828
WIREIARQLRRFADDFQAYYA,-309.54,-295.19,-289.19,-296.46,-293.74,-296.824
TEIEIAAHLRRVGDDMQQYYE,-310.58,-295.14,-295.86,-268.63,-313.68,-296.778
PAREIARHLRRVGDEVQAYMR,-305.64,-294,-296.82,-289.22,-298.2,-296.776
LEQEIAATLRRMADDFQQYYE,-309.25,-298.5,-304.53,-272.88,-298.49,-296.73
IEREIAELLRRIGDEFNQQYR,-305.3,-312.46,-293.3,-281.94,-290.46,-296.692
LVREISQELRRVGDEFNRRYR,-308.58,-315.3,-303.56,-260.98,-294.91,-296.666
LTREIAAGLRRFADDLQAQYK,-316.21,-298.62,-297.73,-264.85,-305.79,-296.64
WTVWLAECLRRFADDVQRQYA,-306.82,-305.38,-313.05,-275.38,-282.3,-296.586
WTQWIARHLRRIGDELYRYYR,-287.55,-287.51,-309.94,-307.62,-290.05,-296.534
LEREILECLRRIADDFQQYMA,-311.65,-292.39,-295.38,-289.05,-293.71,-296.436
LVREILECLRRIGDEFQARYR,-326.12,-297.33,-288.2,-278.73,-291.67,-296.41
PEREISECLRRIGDEVNRQYR,-292.55,-296.5,-299.56,-282.97,-310.22,-296.36
LAREIAECLRRIGDEFQRYIR,-323.19,-299.39,-293.08,-267.38,-298.7,-296.348
LVREIAECLRRIGDKLNRYYR,-295.42,-299.96,-295.06,-279.12,-312,-296.312
MSREIARHLRRIGDELNQQYR,-296.69,-306.68,-297.66,-271.4,-308.95,-296.276
TAREIAECLRRIGDKFQQYVR,-323.22,-300.88,-293.87,-266.81,-296.42,-296.24
LEQEIAECLRRIGDEFNQYIA,-314.15,-305.91,-291.88,-267.58,-301.54,-296.212
IERNIARGLRRFADDVQARYE,-303.7,-304.56,-302.89,-258.28,-310.98,-296.082
PAREIARHLRRFADDVQAYVR,-309.68,-296.39,-296.26,-275.56,-302.43,-296.064
IAREILEHLRRMGDKLNAYYR,-296.41,-311.86,-303.92,-291.5,-276.35,-296.008
IAREIAQHLRRVADDLNRQYR,-288.66,-303.38,-306.88,-271.28,-309.81,-296.002
MERNIARHLRRIGDEMQQYMR,-307.41,-305.76,-291.95,-273.83,-300.87,-295.964
WSQEIAECLRRVGDSLQAYME,-312.97,-313.5,-279.56,-278.79,-294.45,-295.854
IAQEIARHLRRAGDKVQRYYK,-312.62,-298.83,-285.32,-278.79,-303.62,-295.836
MAREIGRHLRRFADDLQRYHE,-310.83,-296.87,-295.56,-270.63,-305.06,-295.79
SSREILELLRRIADDVNAYYR,-288.64,-307,-300.57,-309.97,-272.66,-295.768
SEQKIAECLRRIGDEMQQYYR,-304.29,-306.85,-301.69,-267.34,-298.52,-295.738
TVREIAQHLRDAADDFYRYYR,-302.86,-298.4,-302.12,-274.53,-300.72,-295.726
LTQEIATHLRRVADKLQRYME,-312.39,-297.86,-297.85,-270.86,-299.61,-295.714
LEIWAAECLRRFADDLDAYYE,-303.59,-315.4,-284.12,-289.44,-285.88,-295.686
TVQEIAACLRRVGDEVNQQYA,-294.58,-300.25,-295.46,-279.34,-308.63,-295.652
LEIKIAAHLRRIGDEVQQQYE,-300.29,-304.91,-298.62,-279.09,-295.34,-295.65
MVREISEHLRRVGDKLNQQYA,-294.31,-298.81,-302.1,-274.39,-308.23,-295.568
LEREIGEHLRRIGDEVNQQYK,-292.03,-295.92,-297.35,-287.4,-304.87,-295.514
SEREIGTHLRRVGDKLNQRYR,-301.42,-298.61,-300.19,-271.13,-306.03,-295.476
LEREIARHLRQVGDDMQAYYR,-307.65,-294.19,-294.04,-271.44,-309.69,-295.402
MEIEIAECLRRIGDEMNQQYR,-298.89,-297.59,-295.57,-273.78,-310.92,-295.35
MTREIATHLRRIGDEMQAQYE,-312.87,-297.17,-290.62,-276.56,-299.28,-295.3
LEKELSECLRRVGDEFQSYMA,-324.81,-309.91,-293.08,-259.12,-289.46,-295.276
WEIEIAAHLQRIGDKLNQQYR,-286.88,-308.95,-314.03,-272.43,-294.02,-295.262
MAQEIATTLRRIGDEFQAYME,-320.77,-300.51,-296.07,-266.58,-292.21,-295.228
WEKWIAQHLRRIGDEVQAQYE,-299.01,-302.02,-310.73,-273.28,-291.05,-295.218
MIREIATHLRRVGDDLQQQYK,-299.3,-296.16,-304.56,-270.43,-305.58,-295.206
LEREILEHLRRIGDKLNAYYR,-293.29,-299.9,-296.07,-295.06,-291.65,-295.194
WVQEVGRHLQRIGDEFQRQYR,-308.38,-296.43,-319.66,-255.84,-295.63,-295.188
MERKIAECLRRIADDFNQYIE,-299.58,-307.33,-299.33,-266.17,-303.52,-295.186
MIREILEHLRRIGDEMQRQYE,-308.25,-295.32,-295.49,-290.51,-286.28,-295.17
LEREIAEGLRRAADDFQRYMK,-308.79,-295.61,-294.15,-275.95,-301.26,-295.152
MVRKLGTLLRRIGDEFNQQYR,-305.38,-309.94,-289.6,-285.08,-285.63,-295.126
TEIWIAQHLRRIGDEFYRYYK,-306.97,-298.99,-289.91,-299.9,-279.79,-295.112
IIREIAQGLRRIGDEFQQRQK,-324.85,-299.45,-284.33,-263.93,-302.8,-295.072
MIREIARHLQRIGDEFDRQMA,-304.17,-314.52,-314.61,-252.04,-289.98,-295.064
ISREIAECLRRIGDELNAYYR,-293.05,-302.36,-298.38,-271.18,-310.06,-295.006
LIREIARHLRRIGDEFDQRIR,-325.81,-299.02,-295.87,-255.65,-298.36,-294.942
LEIWIATLLRRIGDEFNQRYR,-308.75,-310.17,-303.05,-260.65,-292.05,-294.934
LAREISECLRRAGDKFQAQYR,-319.07,-299.97,-284.57,-269.5,-301.52,-294.926
TVREIARHLRRIGDEMQAQYR,-308.71,-291.73,-289.84,-281.12,-303.18,-294.916
PIREIAELLRRVADDFQQQYE,-303.88,-298.88,-295.93,-281.57,-293.87,-294.826
TEREIGECLRRVADDFYAQVA,-308.87,-298.25,-298.18,-261.7,-306.95,-294.79
LEQEIGQHLRRVADDFQRQQE,-308.87,-298.25,-298.18,-261.7,-306.95,-294.79
SIRNIARTLRRIGDEFNQRMR,-314.95,-315.42,-303.45,-245.83,-294.15,-294.76
LEQEIGQGLRRIGDEFQQQYE,-315.18,-292.66,-288.01,-272.17,-305.73,-294.75
WVREIAAHLRRFADDFYQSYA,-321.13,-291.47,-307.85,-268.29,-284.74,-294.696
WEQEIAAHLRRVADDMQSYYA,-303.93,-290.3,-302.98,-268.41,-307.84,-294.692
ITQEIAECLRRAADDFQARYR,-323.51,-303.98,-288.23,-251.64,-306.07,-294.686
STREIAAHLRRVGDKLQAYYA,-303.96,-296.51,-293.57,-278.93,-300.4,-294.674
LAQWAAECLRRFGDKLNQQYR,-295.96,-303.59,-295.52,-283.91,-294.38,-294.672
LEREIAECLRRIGDEVNRQYR,-290.21,-294.23,-298.08,-284.17,-306.58,-294.654
WAREIARHLRRVADKLNQRYA,-295.29,-301.92,-298.22,-265.87,-311.95,-294.65
IVREIAECLRRIGDEFDRQYA,-313.96,-305.21,-287.61,-264.73,-301.37,-294.576
PAREIAAELRRIGDEFNRQYA,-306.16,-310.84,-293.75,-275.31,-286.8,-294.572
LERECARHLRRIGDELNRYYR,-286.96,-291.07,-297.1,-294.38,-303.14,-294.53
MTREIAECLRRIGDELNAYYR,-295.15,-301.2,-294.23,-273.62,-308.14,-294.468
STQEVLQCLRRIGDEFQAQYE,-320.36,-294.86,-286.1,-286.28,-284.7,-294.46
IAREILECLRRIGDEVNQQYR,-291.93,-300.87,-298.7,-292.09,-288.42,-294.402
LEIKVLRHLRRIGDEVQQYYR,-311.32,-298.01,-287.74,-287.73,-287.05,-294.37
TTREIGECLRQVGDKFQQYVR,-324.98,-300.78,-286.19,-265.97,-293.75,-294.334
WVRNIAQCLRRFADKLNAQMR,-298.24,-305.47,-313.61,-258.12,-296.2,-294.328
PEIEIARCLRRIGDEMQRYYA,-310.3,-291.63,-290.63,-270,-308.99,-294.31
ITREILETLRRIGDEFQQRYE,-323.8,-305.96,-289.16,-270.56,-281.68,-294.232
PEREIGQCLRRVADDFQRYVK,-312.36,-297.1,-293.25,-264.64,-303.77,-294.224
TTREILQGLRRVGDDFQRQYA,-311.18,-299.74,-288.53,-283.66,-287.76,-294.174
PEREIAECLRRIGDEVNQQYR,-291.69,-294.76,-295.64,-283.08,-305.58,-294.15
SVQECLETLRRFADKLNAQYR,-293.83,-300.41,-299.56,-302.06,-274.84,-294.14
ITKEIARHLRRIGDEVQRQYE,-311.36,-297.29,-281.99,-276.35,-303.33,-294.064
TEREIAECLRRIGDEFQQSMA,-314.34,-294.62,-292.21,-270.36,-298.75,-294.056
LAREIGECLRRVGDSFQRYVE,-323.29,-296.94,-287,-268.97,-293.89,-294.018
PEREIAQCLRRIGDEFQQYVE,-318.73,-298.02,-288.39,-266.62,-298.3,-294.012
LIVWISALLRRIGDEFQRQYE,-305.26,-303.01,-303.21,-268.89,-289.69,-294.012
LERWIARTLRRIGDEFQQYIR,-305.65,-303.8,-294.73,-281.84,-283.15,-293.834
PTREIAAELRRIGDEFNQQYR,-304.7,-309.84,-292.5,-276.05,-285.85,-293.788
IAQWIAAGLRRIGDEVQRYYA,-302.86,-306.23,-288.63,-273.06,-297.82,-293.72
IIREIAQHLRRVGDKLQQQYR,-304.63,-298.08,-291.6,-269.67,-304.46,-293.688
MAREISRHLRRIGDEVQQQYR,-301.09,-288.25,-298.81,-279.36,-300.85,-293.672
LIREIAQLLRRIGDEFQARYE,-314.24,-302.09,-295.31,-258.88,-297.64,-293.632
LEQEAGRGLRRIGDEFQRYYA,-312.17,-290.16,-283.53,-275.92,-306.26,-293.608
LEREILECLRRIGDEFQSYMR,-318.52,-289.34,-287.24,-290.18,-282.62,-293.58
LEREISETLRRAADDFQQYYR,-310.13,-294.89,-296.54,-268.01,-298.32,-293.578
TVREIARGLRRIGDEVQQYYA,-305.04,-292.69,-296.16,-270.57,-303.41,-293.574
TVREIAEHLRRIGDKLNQQYR,-294.19,-298.57,-292.09,-278.04,-304.71,-293.52
SSREIAECLRRIGDELNAYYR,-289.56,-299.98,-292.51,-273.06,-312.29,-293.48
LEREIARHLRRVGDEVQRRYA,-307.68,-290.55,-296.09,-266.41,-306.66,-293.478
IIRNIARHLRRIGDELQRSYA,-302.15,-308.33,-288.28,-264.69,-303.82,-293.454
MSREIAECLRRIGDELNRRYK,-291.42,-299.25,-299.36,-265.32,-311.72,-293.414
WEREIAEQLRRFADDFNRRYR,-306.48,-304.27,-292.51,-271.32,-292.37,-293.39
PIREIGQHLRRIGDDVQRYME,-291.04,-299.45,-295.38,-277.97,-303.1,-293.388
WARNIAECLRRFGDKLDQQYR,-306.1,-310.3,-296.2,-257.66,-296.56,-293.364
MAREIGRTLRRIGDEFQQQYR,-311.69,-297.58,-289.66,-268.05,-299.67,-293.33
MVREIAQGLRRMADDFQASYR,-304.22,-295.54,-306.98,-256.53,-303.31,-293.316
SIREIGECLRRIGDEMQQYYR,-305.86,-292.04,-289.42,-271.42,-307.69,-293.286
WSRKIAECLRRVGDKLQRYME,-291.52,-302.8,-292.58,-280.03,-299.49,-293.284
MTREIARHLRRIGDELQQYYK,-306.37,-295.13,-291.6,-274.57,-298.75,-293.284
MIREIAECLRRIGDKLQRYYR,-302,-292.41,-293.43,-273.05,-305.44,-293.266
WIRKLAETLRRIGDEFQRRME,-318.06,-303.86,-301.83,-269.64,-272.51,-293.18
LEIEIARHLRRIGDEVQAQYA,-302.54,-291.25,-291.34,-280.04,-300.13,-293.06
IEREIAECLRRIGDEMNQRYA,-292.39,-296.11,-292.94,-276.37,-307.13,-292.988
IEREISECLRRIGDEVNRQYA,-287.11,-293.16,-294.06,-285.27,-305.25,-292.97
LAREISECLRRIGDEVNQQYA,-290.81,-298.11,-293.48,-276,-306.27,-292.934
LIREIGECLRRIGDEMQQYYA,-302.14,-287.82,-292.85,-274.52,-307.28,-292.922
TVVEIAECLRRVADDFQAQVR,-310.63,-297.19,-302.68,-253.73,-300.37,-292.92
TVREIAAQLRRIGDKLYAQVA,-313.21,-291.87,-294.84,-277.2,-287.42,-292.908
LEREILECLRRFADDFQRQVA,-313.21,-291.87,-294.84,-277.2,-287.42,-292.908
LEREIAECLRRIGDEVNQQYK,-288.85,-293.1,-295.48,-283.09,-303.84,-292.872
PAREIGAQLRRFADDFNQRYR,-307.31,-305.49,-288.89,-274.99,-287.63,-292.862
LVREIAECLRRVGDEMQRYYR,-308.1,-290.5,-285.71,-271.29,-308.68,-292.856
IEREIARHLRRIGDEVQQQYA,-297.34,-295.05,-285.66,-286.33,-299.73,-292.822
WEVWIARGLRRVGDKMYQRYR,-276.9,-298.53,-297.86,-310.57,-280.23,-292.818
WAREIAQHLRRVGDSLQAYME,-301.61,-291.53,-290.06,-288.94,-291.93,-292.814
TVRWVAECLRRIGDEFQQQVE,-310.24,-301.59,-306.61,-252.12,-293.13,-292.738
WVREIGQCLRRIGDEMNQQYR,-296.57,-298.47,-286.59,-271.13,-310.67,-292.686
WVRWILATLRRIGDEMQSYYK,-290.65,-301.98,-296.54,-308.03,-265.83,-292.606
LERWIARHLRRIGDELNQQYR,-287.9,-305.92,-305.43,-268.2,-295.42,-292.574
WIREILAHLRRVADDVNSYMR,-297.46,-290.17,-289.06,-291.13,-294.93,-292.55
LEREIAECLRRFGDSVQAQMA,-307.98,-288.33,-289.31,-278.03,-298.59,-292.448
SEREIAQELRRIGDEFNRQYA,-300.36,-308.79,-295.53,-273.66,-283.85,-292.438
TEREILECLRRIGDEFQAQYE,-310.56,-291.56,-287.71,-290.53,-281.79,-292.43
TSREIAECLRRIGDEVNQQYR,-290.71,-299.67,-289.8,-279.38,-302.58,-292.428
SIREISTGLRRIGDELNQRYA,-292.82,-298.61,-298.42,-265.63,-306.66,-292.428
WAREIARHLRRIGDEVQRQYR,-302.96,-291.62,-288.44,-278.95,-300.16,-292.426
PAREIGATLRRFADDFQQRQR,-319.93,-296.33,-288.21,-255.84,-301.79,-292.42
ITREIARHLRRVADDFYRQYA,-326.57,-301.54,-286.69,-260.68,-286.53,-292.402
MAREIAEHLRRIGDEVQSYMR,-301.27,-289.56,-302,-276.68,-292.49,-292.4
PVREISECLRRIGDEFQRQVE,-307.24,-297.2,-304.5,-255.48,-297.04,-292.292
MVREILRTLRRIGDEFQAQYR,-310.52,-296.13,-290.86,-286.74,-277.21,-292.292
SVQNIARTLRRFGDELQQYVA,-294.17,-306.56,-295.19,-286.77,-278.72,-292.282
WIREIAQCLRRVGDELNRQYK,-284.99,-298.9,-297.64,-270.66,-308.9,-292.218
IAREILEHLRRIGDELNQRYR,-295.53,-295.2,-298.71,-283.65,-287.64,-292.146
TAREIAQELRRIGDEFNQQYR,-304.46,-309.08,-292.1,-272.59,-282.48,-292.142
LEQEIAECLRRIGDKLNAYYR,-290.57,-294.39,-295.23,-273.97,-306.41,-292.114
WAQEIARHLRRFADDVQAQIA,-315.03,-294.33,-293.64,-257.99,-299.4,-292.078
LEREIARHLRRIGDEVQRQYK,-299.29,-288.65,-291.33,-281.68,-299.42,-292.074
WVREISRHLRRIGDEFYAQYR,-315.38,-284.66,-312.09,-271.29,-276.79,-292.042
SVREIAQCLRRIGDEVQAYYR,-300.32,-289.62,-293.05,-275.13,-302,-292.024
SEREIGRTLRRIGDEFQAQYA,-308.98,-294.56,-290.49,-266.31,-299.27,-291.922
WARNIARHLRRIADDLNRQYR,-286.54,-301.51,-295.44,-276.18,-299.94,-291.922
MIQKLSRLLRRFADDLYQRYK,-289.11,-292.2,-294.48,-299.64,-284.06,-291.898
SEREISECLRRIGDELNAYYR,-290.15,-294.01,-296.14,-271.54,-307.6,-291.888
MTKEIAECLQRIGDEVNQQYR,-284.89,-302.82,-307.72,-271.53,-292.33,-291.858
TTQEIATTLRRMADDFNRYME,-306.13,-299.81,-293.64,-270.74,-288.96,-291.856
MTQEILETLRRFADELNAQYR,-295.5,-302.06,-297.99,-286.75,-276.7,-291.8
TVREIAECLRRIGDELNAYYR,-288.92,-295.62,-290.77,-275.95,-307.58,-291.768
LEQEISECLRRIGDEVNQQYR,-288.53,-293.27,-294.76,-277.8,-304.48,-291.768
PTREIARGLRRIGDEVQQYYA,-301.34,-292.72,-291.59,-273.29,-299.69,-291.726
SERNILEHLRRIGDELNQYYK,-288.31,-299.39,-301.97,-282.02,-286.7,-291.678
SEINIARHLRRVADDVQRQHR,-285.98,-296.27,-309.37,-266.27,-300.43,-291.664
ITREILRHLRRIGDEVQRQYE,-306.29,-294.34,-282.58,-293.34,-281.73,-291.656
SEREIAQHLRRIGDEFQRRVA,-324.43,-295.4,-291.32,-246.85,-299.91,-291.582
WIREILEGLRRIGDEFYRYYR,-311.43,-293.89,-293.57,-289.77,-269.13,-291.558
TIREIAECLRRIGDEVQAYYK,-300.31,-294.68,-285,-279.32,-298.1,-291.482
MEREIARHLRRIGDEMQQQYK,-307.83,-289.62,-280.74,-277.34,-301.66,-291.438
PTQEIATCLRRIGDEVQRYYE,-299.25,-289.58,-291.41,-276.76,-300.03,-291.406
WAREISECLRRFADDLNAYME,-303.45,-294.91,-285.61,-272.9,-300.06,-291.386
TERELAQTLRRFADDLNAYYR,-291.96,-300.1,-302.25,-272.27,-290.31,-291.378
LVREIAQHLKRIGDEMNQQYA,-287.73,-297.07,-294.5,-270.18,-307.41,-291.378
LERWIAECLRRIGDEFQQRIR,-310.1,-305.79,-306.04,-240.26,-294.46,-291.33
MIREIAECLRRIGDDLQRYYK,-294.9,-289.82,-300.73,-266.59,-304.41,-291.29
LSQEIARHLRRFADDFYQQYR,-314.7,-293.51,-284.16,-277.65,-286.39,-291.282
LTREIATHLRRVADDLQSRYR,-304.6,-296.6,-296.47,-255.94,-302.54,-291.23
TSREIARHLRRIGDKLNQQYR,-287.05,-300.43,-290.05,-277.96,-300.43,-291.184
LEREIAALLRRVGDDFQRQYK,-303.23,-299.67,-292.81,-269.56,-290.62,-291.178
LIIKIAAHLRRVADDLYSYYA,-300.39,-299.12,-298.35,-271.33,-286.69,-291.176
WVRNIAQHLRRMADDFYRRVR,-307.89,-293.74,-309.07,-274.96,-270.16,-291.164
PIQELSEHLRRMADDVQAYYA,-291.11,-304.66,-304.12,-269.55,-286.28,-291.144
WVQKCSECLRRVGDEVQQYYA,-299.73,-294.62,-292.78,-274.23,-294.16,-291.104
WVREISRHLRRVADELNAQYK,-287.06,-297.08,-292.99,-268.86,-309.39,-291.076
TVREIAECLRRVADDVNQQYK,-280.86,-297.1,-297.28,-270.54,-309.56,-291.068
ITREILETLRRVGDEMNQQYR,-287.72,-308.34,-298.47,-280.98,-279.55,-291.012
LEQEVSACLRRVADDFQRQQA,-306,-291.62,-292.31,-254,-311.13,-291.012
SVREIATGLRRIGDEVNQQYK,-291.53,-293.11,-290.93,-275.49,-303.99,-291.01
WVKKLATHLRRIGDEVQQYMK,-303.39,-297.38,-296.25,-292.06,-265.95,-291.006
WVREILQTLRRIGDEFQQYMK,-315.52,-292.43,-289.14,-283.42,-274.4,-290.982
TAIWIAECLRRIGDELNQYYR,-297.7,-304.7,-293.37,-261.66,-297.41,-290.968
WIQKILECLRRVGDKLYQQYR,-282.56,-295.33,-300.81,-301,-275.08,-290.956
PIREIAECLRRFGDEVDQQYR,-299.16,-299.65,-283.33,-280.47,-292.02,-290.926
WEREIAQHLRRIGDEMQAQYE,-302.61,-284.36,-293.51,-276.27,-297.84,-290.918
MVRNILEHLRRIGDEFDQRYK,-312.24,-304.07,-294.13,-268.14,-276.01,-290.918
MVREIAALLRRIGDEFQQQYR,-301.71,-299.36,-290.08,-274.79,-288.56,-290.9
SIRNIAECLRRIGDDFYRYYR,-310.16,-302.34,-306.6,-246.67,-288.68,-290.89
SIRNIAECLRRIADDFYAQYR,-306.15,-300.9,-308.48,-253.63,-285.23,-290.878
LEREILETLRRFADDMQRYYA,-305.47,-292.31,-288.67,-283.87,-284.02,-290.868
WSQEIARTLRRIGDELNQYYK,-290.14,-301.33,-293.78,-268.3,-300.75,-290.86
MVRNVARHLRRVGDKLQAQYR,-296.06,-298.54,-298.24,-259.33,-301.97,-290.828
LERNIARTLRRIGDEFQRQME,-303.62,-302.3,-298.4,-258.88,-290.94,-290.828
LEREILEHLRRIGDELNAYYR,-286.74,-295.37,-291.83,-291.74,-288.42,-290.82
MTQWIAECLRRIGDELQQYYA,-306.58,-304.11,-303.07,-255.32,-284.99,-290.814
TVREIAEHLRRIGDELQAYYA,-298.47,-285.62,-296.54,-275.68,-297.65,-290.792
LEREIAQGLRRIGDEFQQYVA,-315.3,-297.73,-283.97,-261.1,-295.78,-290.776
LVREIAQTLRRIGDEFQAYIK,-314.94,-294.5,-296.18,-258.6,-289.55,-290.754
LIREIAECLQRIGDELNQQYR,-278.79,-302.83,-306.96,-266.19,-298.96,-290.746
MTREISECLRRFADKLNQRMA,-305.23,-292.29,-292.02,-262.77,-301.29,-290.72
PVREILTTLRRIGDEFQRYMA,-310.02,-286.05,-294.29,-288.15,-275.05,-290.712
IVREIGRHLRRIGDEMQRQYR,-288.08,-294.6,-283.66,-280.81,-306.36,-290.702
TIREISECLRRIGDELNAYYR,-284.62,-293.51,-291.63,-278,-305.55,-290.662
LIREISRHLRRIGDEMQQYIK,-302.93,-291.49,-288.85,-268.55,-301.41,-290.646
MIREALEHLRRIGDELNAYYR,-282.1,-292.57,-295.19,-300.19,-282.86,-290.582
LAQEIARHLRRIGDEVQAQYA,-302.72,-286.74,-288.59,-277.94,-296.88,-290.574
IAREISECLRRMGDKMQAQYA,-284.66,-299.86,-299.83,-285.1,-283.4,-290.57
PAREIAQTLRRFADKLQSYYK,-301.69,-288.23,-285.15,-279.64,-298.08,-290.558
LAREIAQQLRRMADDVNAYYR,-279.15,-296.93,-289.78,-296.42,-290.17,-290.49
IAQEIAECLRRIGDELNARYR,-290.76,-298.27,-296.45,-263.11,-303.83,-290.484
WVQELSETLRRFGDKLQRYYR,-309.47,-295.04,-295.53,-267.72,-284.53,-290.458
LEREIAQHLRRIGDEMQRQYA,-303.78,-285.6,-286.07,-276.61,-300.12,-290.436
WIREIGQHLRRIGDEVQRYQR,-304.29,-287.15,-281.48,-285.02,-294.2,-290.428
LAREISAHLRDMADDFQAQQR,-302.89,-294.91,-303.97,-256.63,-293.62,-290.404
IVREIAQELRRFADDLNRQYA,-281.15,-303.5,-305.1,-273.36,-288.8,-290.382
LSREIAQGLRRIGDEMNQQYA,-284.21,-295.41,-295.22,-268.33,-308.7,-290.374
TARWIAEHLRRFADDVQQSQR,-304.83,-300.35,-297.95,-259.28,-289.45,-290.372
MVKEILEHLRRIADDVQSYYE,-292.11,-283.55,-295.48,-294.5,-285.35,-290.198
TIVEIAECLRQFADDFYRYYA,-315.03,-288.19,-287.63,-272.2,-287.67,-290.144
WIRWLLEHLRRVADKLNAYYE,-286.76,-302.49,-292.05,-302.47,-266.8,-290.114
WAQECLQTLRRVADDFQAQYE,-302.23,-297.4,-289.07,-286.41,-275.45,-290.112
WVREIAEHLRRVGDKLQAQYR,-296.84,-289.41,-298.19,-267.07,-298.84,-290.07
MTREIAECLRRIADDVQRYYK,-294.11,-286.09,-295.1,-270.66,-304.28,-290.048
IIREIAECLRRFADDLNAQQR,-301.91,-294.65,-283.07,-268.68,-301.92,-290.046
